Workbook

Sheet Portada
B2: LÍNEA DE PRODUCTOS DIGITALES · PLANTILLAS EXCEL
B4: CONTROL DE INVENTARIO
B7: Registra tus productos, controla entradas y salidas de stock, y detecta a tiempo qué productos necesitas reponer — con panel de control, gráficos automáticos y selector de moneda (local / USD).
B10: QUÉ INCLUYE ESTA PLANTILLA
B11: ✔ Dashboard con indicadores clave (KPIs) y gráficos automáticos
B12: ✔ Fórmulas automáticas: nada que calcular a mano
B13: ✔ Gráficos: pastel (valor por categoría) y barras (stock por producto)
B14: ✔ Resumen dinámico tipo tabla dinámica por producto
B15: ✔ Alertas automáticas de stock bajo el mínimo
B16: ✔ Listas desplegables y validación de datos en cada registro
B17: ✔ Selector de moneda: local o USD, con tipo de cambio editable
B18: ✔ Hoja de instrucciones paso a paso
... B24: © Tu Marca de Plantillas · www.tumarca.com

Sheet Instrucciones
B2: CÓMO USAR ESTA PLANTILLA
B4: 1. Configuración
B5: Define el símbolo de tu moneda local, el tipo de cambio y si la plantilla se muestra en moneda LOCAL o USD.
B7: 2. Categorías
B8: En la hoja 'Categorías' revisa o edita las categorías de producto y las unidades de medida que aparecen como listas desplegables.
B10: 3. Productos
B11: En la hoja 'Productos' registra cada artículo: código, nombre, categoría, unidad, stock mínimo, costo unitario, precio de venta y stock inicial. Hay espacio para hasta 12 productos.
B13: 4. Movimientos
B14: Cada vez que entre o salga mercadería, regístralo en 'Movimientos': fecha, producto (lista desplegable), tipo (Entrada/Salida), cantidad y referencia.
B16: 5. Resumen automático
B17: La hoja 'Resumen' calcula el stock actual y el valor de inventario de cada producto, y marca en rojo los que están por debajo de su stock mínimo.
B19: 6. Dashboard
... B28: Soporte y otras plantillas de esta línea de productos: www.tumarca.com

Sheet Configuracion
B2: CONFIGURACIÓN Y MONEDA
B4: Parámetro | C4: Valor | D4: Notas
B5: Nombre de moneda local | C5: Soles (PEN) | D5: Solo referencia. Escribe el nombre de tu moneda.
B6: Símbolo de moneda local | C6: S/ | D6: Símbolo que se usará en el Dashboard cuando la vista esté en LOCAL.
B7: Tipo de cambio (1 USD =) | C7: 3.75 | D7: Cuántas unidades de tu moneda local equivalen a 1 USD.
B8: Moneda de visualización | C8: Local | D8: Elige LOCAL o USD. Afecta Resumen y Dashboard.
B9: Valores calculados (no editar)
B10: Factor de conversión aplicado | C10: =IF(C8="USD",1/C7,1) -> 1 | D10: Vale 1 si vista LOCAL; vale 1/Tipo de cambio si vista USD.
B11: Símbolo de moneda actual | C11: =IF(C8="USD","US$",C6) -> S/ | D11: Símbolo que verás en el Dashboard según la moneda elegida.
B13: Cambia 'Moneda de visualización' entre Local y USD para recalcular automáticamente toda la plantilla.

Sheet Categorias
B2: CATEGORÍAS Y UNIDADES
B4: Categoría de producto | C4: Unidad de medida
B5: Electrónica | C5: Unidad
B6: Alimentos y bebidas | C6: Caja
B7: Ropa y calzado | C7: Kg
B8: Hogar y limpieza | C8: Litro
B9: Papelería y oficina | C9: Paquete
B10: Otros | C10: Docena
B12: Puedes renombrar o agregar categorías/unidades; las listas de 'Productos' se actualizan solas.

Sheet Productos
A2: CATÁLOGO DE PRODUCTOS
A3: Completa las columnas A a H para cada producto (hasta 12 productos).
A4: Código | B4: Nombre | C4: Categoría | D4: Unidad | E4: Stock mínimo | F4: Costo unitario | G4: Precio de venta | H4: Stock inicial
A5: ELE-001 | B5: Audífonos Bluetooth | C5: Electrónica | D5: Unidad | E5: 10 | F5: 15 | G5: 29.9 | H5: 40
A6: ELE-002 | B6: Cargador USB-C | C6: Electrónica | D6: Unidad | E6: 15 | F6: 6 | G6: 14.9 | H6: 60
A7: ALI-001 | B7: Café molido 500g | C7: Alimentos y bebidas | D7: Paquete | E7: 20 | F7: 8 | G7: 15.9 | H7: 80
A8: ALI-002 | B8: Aceite vegetal 1L | C8: Alimentos y bebidas | D8: Litro | E8: 15 | F8: 5 | G8: 9.9 | H8: 12
A9: ROP-001 | B9: Camiseta básica | C9: Ropa y calzado | D9: Unidad | E9: 10 | F9: 12 | G9: 24.9 | H9: 25
A10: ROP-002 | B10: Zapatillas urbanas | C10: Ropa y calzado | D10: Unidad | E10: 5 | F10: 35 | G10: 69.9 | H10: 8
A11: HOG-001 | B11: Detergente 1L | C11: Hogar y limpieza | D11: Litro | E11: 12 | F11: 4 | G11: 8.9 | H11: 30
A12: PAP-001 | B12: Cuaderno A4 | C12: Papelería y oficina | D12: Unidad | E12: 20 | F12: 2 | G12: 4.9 | H12: 50

Sheet Movimientos
A2: MOVIMIENTOS DE INVENTARIO
A3: Completa las columnas A a E para cada movimiento (entrada o salida de stock).
A4: Fecha | B4: Código producto | C4: Producto | D4: Tipo | E4: Cantidad | F4: Referencia / Motivo
A5: 46025 | B5: ELE-001 | C5: =IF(B5="","",IFERROR(INDEX(Productos!$B$5:$B$16,MATCH(B5,Productos!$A$5:$A$16,0)),"Código no encontrado")) -> Audífonos Bluetooth | D5: Entrada | E5: 20 | F5: Compra a proveedor
A6: 46028 | B6: ELE-001 | C6: =IF(B6="","",IFERROR(INDEX(Productos!$B$5:$B$16,MATCH(B6,Productos!$A$5:$A$16,0)),"Código no encontrado")) -> Audífonos Bluetooth | D6: Salida | E6: 5 | F6: Venta mostrador
A7: 46030 | B7: ALI-001 | C7: =IF(B7="","",IFERROR(INDEX(Productos!$B$5:$B$16,MATCH(B7,Productos!$A$5:$A$16,0)),"Código no encontrado")) -> Café molido 500g | D7: Entrada | E7: 40 | F7: Compra a proveedor
A8: 46032 | B8: ALI-001 | C8: =IF(B8="","",IFERROR(INDEX(Productos!$B$5:$B$16,MATCH(B8,Productos!$A$5:$A$16,0)),"Código no encontrado")) -> Café molido 500g | D8: Salida | E8: 12 | F8: Venta mostrador
A9: 46034 | B9: ROP-002 | C9: =IF(B9="","",IFERROR(INDEX(Productos!$B$5:$B$16,MATCH(B9,Productos!$A$5:$A$16,0)),"Código no encontrado")) -> Zapatillas urbanas | D9: Entrada | E9: 10 | F9: Compra a proveedor
A10: 46037 | B10: ROP-002 | C10: =IF(B10="","",IFERROR(INDEX(Productos!$B$5:$B$16,MATCH(B10,Productos!$A$5:$A$16,0)),"Código no encontrado")) -> Zapatillas urbanas | D10: Salida | E10: 6 | F10: Venta online
A11: 46040 | B11: HOG-001 | C11: =IF(B11="","",IFERROR(INDEX(Productos!$B$5:$B$16,MATCH(B11,Productos!$A$5:$A$16,0)),"Código no encontrado")) -> Detergente 1L | D11: Entrada | E11: 20 | F11: Compra a proveedor
A12: 46042 | B12: HOG-001 | C12: =IF(B12="","",IFERROR(INDEX(Productos!$B$5:$B$16,MATCH(B12,Productos!$A$5:$A$16,0)),"Código no encontrado")) -> Detergente 1L | D12: Salida | E12: 8 | F12: Venta mostrador
A13: 46055 | B13: PAP-001 | C13: =IF(B13="","",IFERROR(INDEX(Productos!$B$5:$B$16,MATCH(B13,Productos!$A$5:$A$16,0)),"Código no encontrado")) -> Cuaderno A4 | D13: Entrada | E13: 30 | F13: Compra a proveedor
A14: 46058 | B14: PAP-001 | C14: =IF(B14="","",IFERROR(INDEX(Productos!$B$5:$B$16,MATCH(B14,Productos!$A$5:$A$16,0)),"Código no encontrado")) -> Cuaderno A4 | D14: Salida | E14: 10 | F14: Venta mostrador
A15: 46061 | B15: ELE-002 | C15: =IF(B15="","",IFERROR(INDEX(Productos!$B$5:$B$16,MATCH(B15,Productos!$A$5:$A$16,0)),"Código no encontrado")) -> Cargador USB-C | D15: Entrada | E15: 50 | F15: Compra a proveedor
A16: 46063 | B16: ELE-002 | C16: =IF(B16="","",IFERROR(INDEX(Productos!$B$5:$B$16,MATCH(B16,Productos!$A$5:$A$16,0)),"Código no encontrado")) -> Cargador USB-C | D16: Salida | E16: 15 | F16: Venta online
... A20: 46086 | B20: ROP-002 | C20: =IF(B20="","",IFERROR(INDEX(Productos!$B$5:$B$16,MATCH(B20,Productos!$A$5:$A$16,0)),"Código no encontrado")) -> Zapatillas urbanas | D20: Salida | E20: 10 | F20: Venta de liquidación
C21: =IF(B21="","",IFERROR(INDEX(Productos!$B$5:$B$16,MATCH(B21,Productos!$A$5:$A$16,0)),"Código no encontrado"))
C22: =IF(B22="","",IFERROR(INDEX(Productos!$B$5:$B$16,MATCH(B22,Productos!$A$5:$A$16,0)),"Código no encontrado"))
C23: =IF(B23="","",IFERROR(INDEX(Productos!$B$5:$B$16,MATCH(B23,Productos!$A$5:$A$16,0)),"Código no encontrado"))
C24: =IF(B24="","",IFERROR(INDEX(Productos!$B$5:$B$16,MATCH(B24,Productos!$A$5:$A$16,0)),"Código no encontrado"))
C25: =IF(B25="","",IFERROR(INDEX(Productos!$B$5:$B$16,MATCH(B25,Productos!$A$5:$A$16,0)),"Código no encontrado"))
C26: =IF(B26="","",IFERROR(INDEX(Productos!$B$5:$B$16,MATCH(B26,Productos!$A$5:$A$16,0)),"Código no encontrado"))
C27: =IF(B27="","",IFERROR(INDEX(Productos!$B$5:$B$16,MATCH(B27,Productos!$A$5:$A$16,0)),"Código no encontrado"))
C28: =IF(B28="","",IFERROR(INDEX(Productos!$B$5:$B$16,MATCH(B28,Productos!$A$5:$A$16,0)),"Código no encontrado"))
C29: =IF(B29="","",IFERROR(INDEX(Productos!$B$5:$B$16,MATCH(B29,Productos!$A$5:$A$16,0)),"Código no encontrado"))
C30: =IF(B30="","",IFERROR(INDEX(Productos!$B$5:$B$16,MATCH(B30,Productos!$A$5:$A$16,0)),"Código no encontrado"))
C31: =IF(B31="","",IFERROR(INDEX(Productos!$B$5:$B$16,MATCH(B31,Productos!$A$5:$A$16,0)),"Código no encontrado"))
C32: =IF(B32="","",IFERROR(INDEX(Productos!$B$5:$B$16,MATCH(B32,Productos!$A$5:$A$16,0)),"Código no encontrado"))
... C204: =IF(B204="","",IFERROR(INDEX(Productos!$B$5:$B$16,MATCH(B204,Productos!$A$5:$A$16,0)),"Código no encontrado"))

Sheet Resumen
B2: RESUMEN DINÁMICO (se actualiza solo)
B3: =" Moneda: " & Configuracion!$C$8 -> Moneda: Local
B5: Producto | C5: Categoría | D5: Stock mínimo | E5: Entradas | F5: Salidas | G5: Stock actual | H5: Valor inventario | I5: Estado
B6: =IF(Productos!$A$5="","",Productos!$B$5) -> Audífonos Bluetooth | C6: =IF(Productos!$A$5="","",Productos!$C$5) -> Electrónica | D6: =IF(Productos!$A$5="","",Productos!$E$5) -> 10 | E6: =SUMIFS(Movimientos!$E$5:$E$204,Movimientos!$B$5:$B$204,Productos!$A$5,Movimientos!$D$5:$D$204,"Entrada") -> 20 | F6: =SUMIFS(Movimientos!$E$5:$E$204,Movimientos!$B$5:$B$204,Productos!$A$5,Movimientos!$D$5:$D$204,"Salida") -> 13 | G6: =IF(Productos!$A$5="","",Productos!$H$5+E6-F6) -> 47 | H6: =IF(Productos!$A$5="",0,G6*Productos!$F$5*Configuracion!$C$10) -> 705 | I6: =IF(Productos!$A$5="","",IF(G6<=D6,"Bajo stock","Normal")) -> Normal
B7: =IF(Productos!$A$6="","",Productos!$B$6) -> Cargador USB-C | C7: =IF(Productos!$A$6="","",Productos!$C$6) -> Electrónica | D7: =IF(Productos!$A$6="","",Productos!$E$6) -> 15 | E7: =SUMIFS(Movimientos!$E$5:$E$204,Movimientos!$B$5:$B$204,Productos!$A$6,Movimientos!$D$5:$D$204,"Entrada") -> 50 | F7: =SUMIFS(Movimientos!$E$5:$E$204,Movimientos!$B$5:$B$204,Productos!$A$6,Movimientos!$D$5:$D$204,"Salida") -> 15 | G7: =IF(Productos!$A$6="","",Productos!$H$6+E7-F7) -> 95 | H7: =IF(Productos!$A$6="",0,G7*Productos!$F$6*Configuracion!$C$10) -> 570 | I7: =IF(Productos!$A$6="","",IF(G7<=D7,"Bajo stock","Normal")) -> Normal
B8: =IF(Productos!$A$7="","",Productos!$B$7) -> Café molido 500g | C8: =IF(Productos!$A$7="","",Productos!$C$7) -> Alimentos y bebidas | D8: =IF(Productos!$A$7="","",Productos!$E$7) -> 20 | E8: =SUMIFS(Movimientos!$E$5:$E$204,Movimientos!$B$5:$B$204,Productos!$A$7,Movimientos!$D$5:$D$204,"Entrada") -> 40 | F8: =SUMIFS(Movimientos!$E$5:$E$204,Movimientos!$B$5:$B$204,Productos!$A$7,Movimientos!$D$5:$D$204,"Salida") -> 12 | G8: =IF(Productos!$A$7="","",Productos!$H$7+E8-F8) -> 108 | H8: =IF(Productos!$A$7="",0,G8*Productos!$F$7*Configuracion!$C$10) -> 864 | I8: =IF(Productos!$A$7="","",IF(G8<=D8,"Bajo stock","Normal")) -> Normal
B9: =IF(Productos!$A$8="","",Productos!$B$8) -> Aceite vegetal 1L | C9: =IF(Productos!$A$8="","",Productos!$C$8) -> Alimentos y bebidas | D9: =IF(Productos!$A$8="","",Productos!$E$8) -> 15 | E9: =SUMIFS(Movimientos!$E$5:$E$204,Movimientos!$B$5:$B$204,Productos!$A$8,Movimientos!$D$5:$D$204,"Entrada") -> 10 | F9: =SUMIFS(Movimientos!$E$5:$E$204,Movimientos!$B$5:$B$204,Productos!$A$8,Movimientos!$D$5:$D$204,"Salida") -> 0 | G9: =IF(Productos!$A$8="","",Productos!$H$8+E9-F9) -> 22 | H9: =IF(Productos!$A$8="",0,G9*Productos!$F$8*Configuracion!$C$10) -> 110 | I9: =IF(Productos!$A$8="","",IF(G9<=D9,"Bajo stock","Normal")) -> Normal
B10: =IF(Productos!$A$9="","",Productos!$B$9) -> Camiseta básica | C10: =IF(Productos!$A$9="","",Productos!$C$9) -> Ropa y calzado | D10: =IF(Productos!$A$9="","",Productos!$E$9) -> 10 | E10: =SUMIFS(Movimientos!$E$5:$E$204,Movimientos!$B$5:$B$204,Productos!$A$9,Movimientos!$D$5:$D$204,"Entrada") -> 0 | F10: =SUMIFS(Movimientos!$E$5:$E$204,Movimientos!$B$5:$B$204,Productos!$A$9,Movimientos!$D$5:$D$204,"Salida") -> 5 | G10: =IF(Productos!$A$9="","",Productos!$H$9+E10-F10) -> 20 | H10: =IF(Productos!$A$9="",0,G10*Productos!$F$9*Configuracion!$C$10) -> 240 | I10: =IF(Productos!$A$9="","",IF(G10<=D10,"Bajo stock","Normal")) -> Normal
B11: =IF(Productos!$A$10="","",Productos!$B$10) -> Zapatillas urbanas | C11: =IF(Productos!$A$10="","",Productos!$C$10) -> Ropa y calzado | D11: =IF(Productos!$A$10="","",Productos!$E$10) -> 5 | E11: =SUMIFS(Movimientos!$E$5:$E$204,Movimientos!$B$5:$B$204,Productos!$A$10,Movimientos!$D$5:$D$204,"Entrada") -> 10 | F11: =SUMIFS(Movimientos!$E$5:$E$204,Movimientos!$B$5:$B$204,Productos!$A$10,Movimientos!$D$5:$D$204,"Salida") -> 16 | G11: =IF(Productos!$A$10="","",Productos!$H$10+E11-F11) -> 2 | H11: =IF(Productos!$A$10="",0,G11*Productos!$F$10*Configuracion!$C$10) -> 70 | I11: =IF(Productos!$A$10="","",IF(G11<=D11,"Bajo stock","Normal")) -> Bajo stock
B12: =IF(Productos!$A$11="","",Productos!$B$11) -> Detergente 1L | C12: =IF(Productos!$A$11="","",Productos!$C$11) -> Hogar y limpieza | D12: =IF(Productos!$A$11="","",Productos!$E$11) -> 12 | E12: =SUMIFS(Movimientos!$E$5:$E$204,Movimientos!$B$5:$B$204,Productos!$A$11,Movimientos!$D$5:$D$204,"Entrada") -> 20 | F12: =SUMIFS(Movimientos!$E$5:$E$204,Movimientos!$B$5:$B$204,Productos!$A$11,Movimientos!$D$5:$D$204,"Salida") -> 8 | G12: =IF(Productos!$A$11="","",Productos!$H$11+E12-F12) -> 42 | H12: =IF(Productos!$A$11="",0,G12*Productos!$F$11*Configuracion!$C$10) -> 168 | I12: =IF(Productos!$A$11="","",IF(G12<=D12,"Bajo stock","Normal")) -> Normal
B13: =IF(Productos!$A$12="","",Productos!$B$12) -> Cuaderno A4 | C13: =IF(Productos!$A$12="","",Productos!$C$12) -> Papelería y oficina | D13: =IF(Productos!$A$12="","",Productos!$E$12) -> 20 | E13: =SUMIFS(Movimientos!$E$5:$E$204,Movimientos!$B$5:$B$204,Productos!$A$12,Movimientos!$D$5:$D$204,"Entrada") -> 30 | F13: =SUMIFS(Movimientos!$E$5:$E$204,Movimientos!$B$5:$B$204,Productos!$A$12,Movimientos!$D$5:$D$204,"Salida") -> 10 | G13: =IF(Productos!$A$12="","",Productos!$H$12+E13-F13) -> 70 | H13: =IF(Productos!$A$12="",0,G13*Productos!$F$12*Configuracion!$C$10) -> 140 | I13: =IF(Productos!$A$12="","",IF(G13<=D13,"Bajo stock","Normal")) -> Normal
B14: =IF(Productos!$A$13="","",Productos!$B$13) | C14: =IF(Productos!$A$13="","",Productos!$C$13) | D14: =IF(Productos!$A$13="","",Productos!$E$13) | E14: =SUMIFS(Movimientos!$E$5:$E$204,Movimientos!$B$5:$B$204,Productos!$A$13,Movimientos!$D$5:$D$204,"Entrada") -> 0 | F14: =SUMIFS(Movimientos!$E$5:$E$204,Movimientos!$B$5:$B$204,Productos!$A$13,Movimientos!$D$5:$D$204,"Salida") -> 0 | G14: =IF(Productos!$A$13="","",Productos!$H$13+E14-F14) | H14: =IF(Productos!$A$13="",0,G14*Productos!$F$13*Configuracion!$C$10) -> 0 | I14: =IF(Productos!$A$13="","",IF(G14<=D14,"Bajo stock","Normal"))
B15: =IF(Productos!$A$14="","",Productos!$B$14) | C15: =IF(Productos!$A$14="","",Productos!$C$14) | D15: =IF(Productos!$A$14="","",Productos!$E$14) | E15: =SUMIFS(Movimientos!$E$5:$E$204,Movimientos!$B$5:$B$204,Productos!$A$14,Movimientos!$D$5:$D$204,"Entrada") -> 0 | F15: =SUMIFS(Movimientos!$E$5:$E$204,Movimientos!$B$5:$B$204,Productos!$A$14,Movimientos!$D$5:$D$204,"Salida") -> 0 | G15: =IF(Productos!$A$14="","",Productos!$H$14+E15-F15) | H15: =IF(Productos!$A$14="",0,G15*Productos!$F$14*Configuracion!$C$10) -> 0 | I15: =IF(Productos!$A$14="","",IF(G15<=D15,"Bajo stock","Normal"))
B16: =IF(Productos!$A$15="","",Productos!$B$15) | C16: =IF(Productos!$A$15="","",Productos!$C$15) | D16: =IF(Productos!$A$15="","",Productos!$E$15) | E16: =SUMIFS(Movimientos!$E$5:$E$204,Movimientos!$B$5:$B$204,Productos!$A$15,Movimientos!$D$5:$D$204,"Entrada") -> 0 | F16: =SUMIFS(Movimientos!$E$5:$E$204,Movimientos!$B$5:$B$204,Productos!$A$15,Movimientos!$D$5:$D$204,"Salida") -> 0 | G16: =IF(Productos!$A$15="","",Productos!$H$15+E16-F16) | H16: =IF(Productos!$A$15="",0,G16*Productos!$F$15*Configuracion!$C$10) -> 0 | I16: =IF(Productos!$A$15="","",IF(G16<=D16,"Bajo stock","Normal"))
B17: =IF(Productos!$A$16="","",Productos!$B$16) | C17: =IF(Productos!$A$16="","",Productos!$C$16) | D17: =IF(Productos!$A$16="","",Productos!$E$16) | E17: =SUMIFS(Movimientos!$E$5:$E$204,Movimientos!$B$5:$B$204,Productos!$A$16,Movimientos!$D$5:$D$204,"Entrada") -> 0 | F17: =SUMIFS(Movimientos!$E$5:$E$204,Movimientos!$B$5:$B$204,Productos!$A$16,Movimientos!$D$5:$D$204,"Salida") -> 0 | G17: =IF(Productos!$A$16="","",Productos!$H$16+E17-F17) | H17: =IF(Productos!$A$16="",0,G17*Productos!$F$16*Configuracion!$C$10) -> 0 | I17: =IF(Productos!$A$16="","",IF(G17<=D17,"Bajo stock","Normal"))
B18: TOTAL | E18: =SUM(D6:D17) -> 107 | F18: =SUM(E6:E17) -> 180 | G18: =SUM(F6:F17) -> 79 | H18: =SUM(G6:G17) -> 406 | I18: =COUNTIF(I6:I17,"Bajo stock") -> 1
B21: VALOR DE INVENTARIO POR CATEGORÍA
B22: Categoría | C22: Valor inventario
B23: =Categorias!$B$5 -> Electrónica | C23: =SUMIFS($H$6:$H$17,$C$6:$C$17,$B23) -> 1275
B24: =Categorias!$B$6 -> Alimentos y bebidas | C24: =SUMIFS($H$6:$H$17,$C$6:$C$17,$B24) -> 974
B25: =Categorias!$B$7 -> Ropa y calzado | C25: =SUMIFS($H$6:$H$17,$C$6:$C$17,$B25) -> 310
B26: =Categorias!$B$8 -> Hogar y limpieza | C26: =SUMIFS($H$6:$H$17,$C$6:$C$17,$B26) -> 168
B27: =Categorias!$B$9 -> Papelería y oficina | C27: =SUMIFS($H$6:$H$17,$C$6:$C$17,$B27) -> 140
B28: =Categorias!$B$10 -> Otros | C28: =SUMIFS($H$6:$H$17,$C$6:$C$17,$B28) -> 0

Sheet Dashboard
B2: DASHBOARD · CONTROL DE INVENTARIO
B3: =" Moneda de visualización: " & Configuracion!$C$8 -> Moneda de visualización: Local
B5: PRODUCTOS REGISTRADOS | D5: VALOR TOTAL INVENTARIO | F5: UNIDADES EN STOCK | H5: PRODUCTOS BAJO STOCK
B6: =COUNTIF(Productos!$A$5:$A$16,"<>") -> 8 | D6: =Configuracion!$C$11&" "&TEXT(Resumen!H18,"#,##0.00") -> S/ 406.00 | F6: =TEXT(SUM(Resumen!G6:G17),"#,##0") -> 406 | H6: =Resumen!I18 -> 1
